<!-- Version: 10.61.3145.28 -->
<FWConfig>
    <Property name="huntsman.subfilters.directory" value="subfilters"/>
    <Property name="huntsman.output.directory" value="out"/>
    <Property name="huntsman.output.timer" value="0"/>
    <Property name="huntsman.recovery.enable" value="0"/>
    <Property name="huntsman.recovery.trycount" value="2"/>
    <Property name="huntsman.recovery.statefile" value="jobstate"/>
    <Property name="huntsman.discardcontrol.disable" value="0"/>
    <Property name="funnelweb.monodriver.enable" value="0"/>
    <Property name="huntsman.printticket.forcemono" value="0"/>
    <Property name="funnelweb.supportmono.enable" value="1"/>
    <Property name="huntsman.discardcontrol.pagesbeforediscard" value="2"/>
    <Property name="huntsman.discardcontrol.pagespan" value="1"/>
    <Property name="huntsman.markup.partsizelimit" value="1024"/>
    <Property name="huntsman.watermark.drawsolid" value="1"/>
    <Property name="huntsman.subsetfont.afterpagenumber" value="2"/>
    <Property name="huntsman.contextcolor.grayconversionformat" value="0"/>
    <Property name="funnelweb.backingstoresize.value" value="32768"/>
    <Property name="funnelweb.defaultdpi.value" value="96"/>
    <Property name="funnelweb.commonsettings.folder" value="TOSHIBA\TIPS"/>
    <Property name="funnelweb.driver.tech" value="XPS"/>
    <!-- 1)AUTO 2)XPS 3)PCLXL 4)PS 5)PDF notes: AUTO indicates that outputpdl is based on gui setting else gui setting is overriden by setting here -->
    <Property name="funnelweb.driver.PDL" value="AUTO"/>
    <Context name="pclxl">
        <Property name="huntsman.output.jobtype" value="PCLXL"/>
        <Property name="funnelweb.pdlwriter.dll" value="eSc6mpclxl.dll"/>
        <Property name="funnelweb.gdirenderingfilter.enable" value="1"/>
        <!-- funnelweb.gdimirrorsurface.enable is disabled so that out FPOT timings are better, we should be conditionally enabling the mirror surface instead of turning it permenantly on -->
        <Property name="funnelweb.fastprint.300dpi" value="0"/>
        <Property name="funnelweb.flattenxps.gradients" value="1"/>
        <Property name="funnelweb.flattenxps.complextransperency" value="1"/>
        <Property name="funnelweb.flattenxps.visualbrushes" value="1"/>
        <Property name="funnelweb.flattenxps.skewedimages" value="1"/>
        <Property name="funnelweb.flattenxps.freetypeissues" value="1"/>
    </Context>
    <Context name="xps">
        <Property name="huntsman.output.jobtype" value="XPS"/>
        <Property name="funnelweb.pdlwriter.dll" value="eSc6mxps.dll"/>
        <Property name="funnelweb.gdirenderingfilter.enable" value="0"/>
        <Property name="funnelweb.pdlsettings.folder" value="TOSHIBA\eSTUDIOX\XPS\XPS"/>
    </Context>
    <Context name="pdf">
        <Property name="huntsman.output.jobtype" value="PDF"/>
        <Property name="funnelweb.pdlwriter.dll" value="eSc6mpdf.dll"/>
        <Property name="funnelweb.gdirenderingfilter.enable" value="0"/>
        <Property name="funnelweb.pdlsettings.folder" value="TOSHIBA\eSTUDIOX\XPS\PDF"/>
        <Property name="funnelweb.flattenxps.gradients" value="1"/>
        <Property name="funnelweb.flattenxps.complextransperency" value="1"/>
        <Property name="funnelweb.flattenxps.visualbrushes" value="1"/>
        <Property name="funnelweb.flattenxps.skewedimages" value="1"/>
        <Property name="funnelweb.pdfpjl.enable" value="2"/>
        <Property name="funnelweb.flattenxps.freetypeissues" value="1"/>
    </Context>
    <Property name="funnelweb.ping.timeout" value="90"/>
    <Property name="funnelweb.ping.1mb_timeout" value="300"/>
    <Property name="funnelweb.ui.archive.prefix" value="eSc6m"/>
    <Property name="funnelweb.ui.generic.prefix" value="eSc6g"/>
    <Property name="funnelweb.ui.product.prefix" value="eSc"/>
    <Property name="funnelweb.spooler.cachesize" value="8196"/>
</FWConfig>
